order,id,title,priority,type,status,lane,release,urgency_tier,readiness,prework_depth,hard_blockers,packet_file
1,polylogue-s7ae.6,Classify the 74%-aborted full verify from the coordination commit before deploy,P1,task,in_progress,00-trust-floor,A-trust-floor,T0-stop-the-line-or-P1,implementation-ready-after-local-inspection,source-localized,,task_packets/001_polylogue_s7ae_6.md
2,polylogue-37t.15,"Single agent-write chokepoint in upsert_assertion: non-user authors => CANDIDATE + inject:false, always",P1,task,open,00-trust-floor,A-trust-floor,T0-stop-the-line-or-P1,implementation-ready-after-local-inspection,source-localized,,task_packets/002_polylogue_37t_15.md
3,polylogue-kwsb.1,"Daemon/capture security hardening: Host/Origin gate, receiver token, spool governor",P1,bug,open,00-trust-floor,A-trust-floor,T0-stop-the-line-or-P1,implementation-ready-after-local-inspection,source-localized,,task_packets/003_polylogue_kwsb_1.md
4,polylogue-8jg9.4,ops doctor cleanup_orphans can delete an in-flight leased blob (the real #818),P1,bug,open,00-trust-floor,A-trust-floor,T0-stop-the-line-or-P1,implementation-ready-after-local-inspection,source-localized,,task_packets/004_polylogue_8jg9_4.md
5,polylogue-8jg9.2,Blob-GC lease/orphan concurrency test (the acquire->commit race),P2,task,open,00-trust-floor,A-trust-floor,T0-stop-the-line-or-P1,implementation-ready-after-local-inspection,anchored-contract-prework,,task_packets/005_polylogue_8jg9_2.md
6,polylogue-83u.4,"Classify the 39,586 missing referenced blobs in the production backup",P1,task,open,00-trust-floor,A-trust-floor,T0-stop-the-line-or-P1,implementation-ready-after-local-inspection,anchored-contract-prework,,task_packets/006_polylogue_83u_4.md
7,polylogue-9e5.28,"Rigor audit iterates contracts, not the registry: uncovered number-bearing products vanish from audit",P1,bug,open,00-trust-floor,A-trust-floor,T0-stop-the-line-or-P1,implementation-ready-after-local-inspection,anchored-contract-prework,,task_packets/007_polylogue_9e5_28.md
8,polylogue-9e5.29,Number-over-empty gates: quantitative fields need field-level evidence contracts,P1,bug,open,00-trust-floor,A-trust-floor,T0-stop-the-line-or-P1,implementation-ready-after-local-inspection,anchored-contract-prework,,task_packets/008_polylogue_9e5_29.md
9,polylogue-9e5.30,Prose-mined forensic fields must carry text_derived provenance in the payload model,P1,bug,open,00-trust-floor,A-trust-floor,T0-stop-the-line-or-P1,implementation-ready-after-local-inspection,anchored-contract-prework,,task_packets/009_polylogue_9e5_30.md
10,polylogue-cpf.5,Temporal provenance laundering: aggregates collapse to provider_ts; propagate the weakest source,P1,bug,open,00-trust-floor,A-trust-floor,T0-stop-the-line-or-P1,implementation-ready-after-local-inspection,source-localized,,task_packets/010_polylogue_cpf_5.md
11,polylogue-cpf.6,Temporal correctness: clock seam for relative-date parsing + targeted sort_key_ms audit,P1,bug,open,00-trust-floor,A-trust-floor,T0-stop-the-line-or-P1,implementation-ready-after-local-inspection,source-localized,,task_packets/011_polylogue_cpf_6.md
12,polylogue-f2qv.2,Codex disjoint-lane normalizer: decompose cached/uncached and reasoning/completion with a regression guard,P2,task,open,02-usage-cost-honesty,A-trust-floor,T1-critical-path-correctness,implementation-ready-after-local-inspection,anchored-contract-prework,,task_packets/012_polylogue_f2qv_2.md
13,polylogue-f2qv.1,Per-model token rollup double-count: session totals partitioned once (#2472),P2,bug,open,02-usage-cost-honesty,A-trust-floor,T1-critical-path-correctness,implementation-ready-after-local-inspection,anchored-contract-prework,,task_packets/013_polylogue_f2qv_1.md
14,polylogue-f2qv.4,"Single pricing source of truth: LiteLLM catalog, drop tokencost, last-path-segment match",P2,task,open,02-usage-cost-honesty,A-trust-floor,T1-critical-path-correctness,implementation-ready-after-local-inspection,anchored-contract-prework,,task_packets/014_polylogue_f2qv_4.md
15,polylogue-f2qv.3,Dual cost view: API-list-equivalent and subscription-credit reported separately,P2,feature,open,02-usage-cost-honesty,A-trust-floor,T1-critical-path-correctness,implementation-ready-after-local-inspection,anchored-contract-prework,,task_packets/015_polylogue_f2qv_3.md
16,polylogue-f2qv.5,Version-gate provider-usage projection so it self-heals like session_profiles,P2,bug,open,02-usage-cost-honesty,A-trust-floor,T1-critical-path-correctness,implementation-ready-after-local-inspection,source-localized,,task_packets/016_polylogue_f2qv_5.md
17,polylogue-5hf,Provider token accounting: honest cross-provider usage ledger,P2,feature,open,02-usage-cost-honesty,A-trust-floor,T1-critical-path-correctness,implementation-ready-after-local-inspection,bead-localized-from-export,,task_packets/017_polylogue_5hf.md
18,polylogue-ivsc,Classify Codex state_5 token drift outside lineage replay,P2,task,open,02-usage-cost-honesty,A-trust-floor,T1-critical-path-correctness,implementation-ready-after-local-inspection,bead-localized-from-export,,task_packets/018_polylogue_ivsc.md
19,polylogue-xy95,Speed up provider usage full stale diagnostics,P2,bug,open,02-usage-cost-honesty,A-trust-floor,T1-critical-path-correctness,implementation-ready-after-local-inspection,bead-localized-from-export,,task_packets/019_polylogue_xy95.md
20,polylogue-20d.4,CLI structured-query routing parity with daemon (#1860): no FTS gate for non-FTS queries,P2,bug,open,08-scale-performance-live,B/G-storage-live-performance,T1-critical-path-correctness,implementation-ready-after-local-inspection,anchored-contract-prework,,task_packets/020_polylogue_20d_4.md
21,polylogue-1xc.12,FTS drift gauges + metamorphic coherence tests; rowid-reuse requires block_id check,P2,bug,open,08-scale-performance-live,B/G-storage-live-performance,T1-critical-path-correctness,implementation-ready-after-local-inspection,anchored-contract-prework,,task_packets/021_polylogue_1xc_12.md
22,polylogue-a7xr.1,Sweep remaining sqlite3 connection leaks: 'with sqlite3.connect()' commits but never closes,P2,bug,open,08-scale-performance-live,B/G-storage-live-performance,T1-critical-path-correctness,implementation-ready-after-local-inspection,anchored-contract-prework,,task_packets/022_polylogue_a7xr_1.md
23,polylogue-a7xr.2,Converger and repair disagree on session_profile staleness for NULL-sort-key sessions,P2,bug,open,08-scale-performance-live,B/G-storage-live-performance,T1-critical-path-correctness,implementation-ready-after-local-inspection,bead-localized-from-export,,task_packets/023_polylogue_a7xr_2.md
24,polylogue-a7xr.3,message_type_backfill reconstructs prose unordered and unfiltered; message-prose SQL exists 5x,P2,bug,open,08-scale-performance-live,B/G-storage-live-performance,T1-critical-path-correctness,implementation-ready-after-local-inspection,bead-localized-from-export,,task_packets/024_polylogue_a7xr_3.md
25,polylogue-a7xr.5,FTS trigger DDL declared twice: archive_tiers/index.py vs fts_lifecycle repair copies,P2,task,open,08-scale-performance-live,B/G-storage-live-performance,T1-critical-path-correctness,implementation-ready-after-local-inspection,bead-localized-from-export,,task_packets/025_polylogue_a7xr_5.md
26,polylogue-a7xr.6,"parse_archive_datetime: 6 copies, one with different tz semantics (naive/aware time bomb)",P2,bug,open,00-trust-floor,A-trust-floor,T1-critical-path-correctness,implementation-ready-after-local-inspection,bead-localized-from-export,,task_packets/026_polylogue_a7xr_6.md
27,polylogue-9e5.3,Column honesty audit: null/unknown density for key semantic columns,P2,task,open,00-trust-floor,A-trust-floor,T1-critical-path-correctness,implementation-ready-after-local-inspection,anchored-contract-prework,,task_packets/027_polylogue_9e5_3.md
28,polylogue-9e5.4,Get->modify->put race audit across daemon/CLI/MCP writers,P2,task,open,06-agent-context-coordination,D-agent-context-coordination,T2-foundation-before-feature-proof,implementation-ready-after-local-inspection,anchored-contract-prework,,task_packets/028_polylogue_9e5_4.md
29,polylogue-9e5.19,Storage-layer correctness scenario family,P2,task,open,00-trust-floor,A-trust-floor,T1-critical-path-correctness,implementation-ready-after-local-inspection,anchored-contract-prework,,task_packets/029_polylogue_9e5_19.md
30,polylogue-cpf.4,Enforce degrade-loudly: sweep silent soft-failure paths to carry a signal,P2,task,open,00-trust-floor,A-trust-floor,T1-critical-path-correctness,implementation-ready-after-local-inspection,anchored-contract-prework,,task_packets/030_polylogue_cpf_4.md
31,polylogue-b0b,Replace remaining keyword outcome/pathology heuristics with structural evidence,P2,task,open,10-analytics-experiments,I-analytics-experiments,T2-foundation-before-feature-proof,blocked-hard,anchored-contract-prework,polylogue-9e5.3;polylogue-9e5.9,task_packets/031_polylogue_b0b.md
32,polylogue-b0b.1,Fix substring false-positives in work-event keyword classifier + inventory activity-type label as heuristic-tier,P2,task,open,10-analytics-experiments,I-analytics-experiments,T2-foundation-before-feature-proof,implementation-ready-after-local-inspection,anchored-contract-prework,,task_packets/032_polylogue_b0b_1.md
33,polylogue-4be,"Restore drill: prove the backups restore, quarterly",P2,task,open,01-blob-attachment-integrity,B-storage-byte-integrity,T1-critical-path-correctness,implementation-ready-after-local-inspection,anchored-contract-prework,,task_packets/033_polylogue_4be.md
34,polylogue-peo,Daemon death leaves no trace: crash forensics + heartbeat sentinel + restart policy,P2,bug,open,08-scale-performance-live,B/G-storage-live-performance,T1-critical-path-correctness,implementation-ready-after-local-inspection,anchored-contract-prework,,task_packets/034_polylogue_peo.md
35,polylogue-83u.3,Preserve uploaded attachment bytes in live browser capture,P1,feature,open,01-blob-attachment-integrity,B-storage-byte-integrity,T0-stop-the-line-or-P1,implementation-ready-after-local-inspection,anchored-contract-prework,,task_packets/035_polylogue_83u_3.md
36,polylogue-83u.2,Attachment byte acquisition for non-inline sources (Drive/zip/local),P2,feature,open,01-blob-attachment-integrity,B-storage-byte-integrity,T1-critical-path-correctness,implementation-ready-after-local-inspection,anchored-contract-prework,,task_packets/036_polylogue_83u_2.md
37,polylogue-83u.6,Attachment acquisition census by origin and byte volume,P2,task,open,01-blob-attachment-integrity,B-storage-byte-integrity,T1-critical-path-correctness,implementation-ready-after-local-inspection,anchored-contract-prework,,task_packets/037_polylogue_83u_6.md
38,polylogue-ptx,"Browser-capture posting channel: un-gate, with attachments",P2,feature,open,01-blob-attachment-integrity,B-storage-byte-integrity,T1-critical-path-correctness,implementation-ready-after-local-inspection,bead-localized-from-export,,task_packets/038_polylogue_ptx.md
39,polylogue-4p1,Decision: one read algebra — Query x Projection x Render as the only read contract,P2,task,open,04-read-contract-query-render,C-read-contract,T1-critical-path-correctness,implementation-ready-after-local-inspection,bead-localized-from-export,,task_packets/039_polylogue_4p1.md
40,polylogue-4p1.1,Route daemon split-archive fast path through SessionQuerySpec.from_params,P2,task,open,04-read-contract-query-render,C-read-contract,T1-critical-path-correctness,implementation-ready-after-local-inspection,anchored-contract-prework,,task_packets/040_polylogue_4p1_1.md
41,polylogue-t46.3,"Unify list/search query-spec->ArchiveStore execution across CLI, MCP, and daemon web",P2,task,open,04-read-contract-query-render,C-read-contract,T1-critical-path-correctness,implementation-ready-after-local-inspection,anchored-contract-prework,,task_packets/041_polylogue_t46_3.md
42,polylogue-t46.4,Delegate daemon session-similarity KNN to SqliteVecProvider.query_by_session,P2,task,open,04-read-contract-query-render,C-read-contract,T1-critical-path-correctness,implementation-ready-after-local-inspection,anchored-contract-prework,,task_packets/042_polylogue_t46_4.md
43,polylogue-t46.5,Route CLI transcript/dialogue file export through substrate read+render; delete streaming_markdown SQL path,P2,task,open,04-read-contract-query-render,C-read-contract,T1-critical-path-correctness,implementation-ready-after-local-inspection,anchored-contract-prework,,task_packets/043_polylogue_t46_5.md
44,polylogue-t46.6,Fix referenced_path OR-vs-AND filter divergence and delete dead CLI stats aggregators,P2,task,open,04-read-contract-query-render,C-read-contract,T1-critical-path-correctness,implementation-ready-after-local-inspection,anchored-contract-prework,,task_packets/044_polylogue_t46_6.md
45,polylogue-t46.8,MCP surface collapse: ~96 tools -> verb algebra (query/get/explain/context/assert/maintenance...),P2,task,open,04-read-contract-query-render,C-read-contract,T1-critical-path-correctness,implementation-ready-after-local-inspection,bead-localized-from-export,,task_packets/045_polylogue_t46_8.md
46,polylogue-jnj.1,Collapse read per-view flags into ProjectionSpec/RenderSpec algebra,P2,task,open,04-read-contract-query-render,C-read-contract,T1-critical-path-correctness,implementation-ready-after-local-inspection,bead-localized-from-export,,task_packets/046_polylogue_jnj_1.md
47,polylogue-jnj.5,Route ops reset --session/--source through the mutation contract,P2,bug,open,04-read-contract-query-render,C-read-contract,T1-critical-path-correctness,implementation-ready-after-local-inspection,bead-localized-from-export,,task_packets/047_polylogue_jnj_5.md
48,polylogue-x7d,Unify root query row rendering contracts,P2,task,open,04-read-contract-query-render,C-read-contract,T1-critical-path-correctness,implementation-ready-after-local-inspection,bead-localized-from-export,,task_packets/048_polylogue_x7d.md
49,polylogue-fnm.11,Pipeline/clause parity across units + generated support matrix,P2,task,open,04-read-contract-query-render,C-read-contract,T1-critical-path-correctness,implementation-ready-after-local-inspection,bead-localized-from-export,,task_packets/049_polylogue_fnm_11.md
50,polylogue-fnm.1,Aggregates beyond count (sum/avg/min/max/percentiles),P2,feature,open,04-read-contract-query-render,C-read-contract,T1-critical-path-correctness,blocked-hard,bead-localized-from-export,polylogue-fnm.11,task_packets/050_polylogue_fnm_1.md
51,polylogue-fnm.10,fields/select stage with parent-field projection (first real Transform),P2,feature,open,04-read-contract-query-render,C-read-contract,T1-critical-path-correctness,implementation-ready-after-local-inspection,bead-localized-from-export,,task_packets/051_polylogue_fnm_10.md
52,polylogue-fnm.13,Set-algebra over query results: union/intersect/except between queries,P2,feature,open,04-read-contract-query-render,C-read-contract,T1-critical-path-correctness,implementation-ready-after-local-inspection,anchored-contract-prework,,task_packets/052_polylogue_fnm_13.md
53,polylogue-svfj,Block content-hash citation anchors: blocks.content_hash + resolver with typed drift states,P2,task,open,05-analysis-provenance-citations,C-read-contract,T1-critical-path-correctness,implementation-ready-after-local-inspection,bead-localized-from-export,,task_packets/053_polylogue_svfj.md
54,polylogue-rxdo.1,"ObjectRef expansion: query, query-run, result-set, finding, cohort, analysis, annotation-batch kinds",P2,task,open,05-analysis-provenance-citations,C-read-contract,T1-critical-path-correctness,implementation-ready-after-local-inspection,bead-localized-from-export,,task_packets/054_polylogue_rxdo_1.md
55,polylogue-rxdo.2,Content-addressed query identity + durable user.db queries/query_names/result_sets/query_edges,P2,task,open,05-analysis-provenance-citations,C-read-contract,T1-critical-path-correctness,implementation-ready-after-local-inspection,bead-localized-from-export,,task_packets/055_polylogue_rxdo_2.md
56,polylogue-rxdo.3,Query-run + result-relation telemetry in ops.db; refs on every query envelope,P2,task,open,05-analysis-provenance-citations,C-read-contract,T1-critical-path-correctness,implementation-ready-after-local-inspection,bead-localized-from-export,,task_packets/056_polylogue_rxdo_3.md
57,polylogue-rxdo.4,"AssertionKind.FINDING: claims with evidence, reusing the candidate->judge lifecycle verbatim",P2,task,open,05-analysis-provenance-citations,C-read-contract,T1-critical-path-correctness,implementation-ready-after-local-inspection,bead-localized-from-export,,task_packets/057_polylogue_rxdo_4.md
58,polylogue-rxdo.7,"Annotation substrate: schema registry, annotation batches, JSONL import surface, typed value predicates",P2,task,open,05-analysis-provenance-citations,C-read-contract,T1-critical-path-correctness,blocked-hard,bead-localized-from-export,polylogue-37t.15;polylogue-rxdo.1,task_packets/058_polylogue_rxdo_7.md
59,polylogue-bby.15,Evidence basket -> citable report -> verified export (cockpit core loop),P2,task,open,05-analysis-provenance-citations,C-read-contract,T1-critical-path-correctness,blocked-hard,bead-localized-from-export,polylogue-svfj,task_packets/059_polylogue_bby_15.md
60,polylogue-3tl.16,Public claims ledger: every README/launch claim carries a status and an evidence ref,P2,task,open,05-analysis-provenance-citations,C-read-contract,T1-critical-path-correctness,implementation-ready-after-local-inspection,bead-localized-from-export,,task_packets/060_polylogue_3tl_16.md
61,polylogue-37t.12,Judgment queue: operator bulk review/accept/reject of candidate assertions,P2,feature,open,06-agent-context-coordination,D-agent-context-coordination,T2-foundation-before-feature-proof,implementation-ready-after-local-inspection,anchored-contract-prework,,task_packets/061_polylogue_37t_12.md
62,polylogue-37t.11,Context scheduler: one arbiter for everything that enters an agent's context,P1,feature,open,06-agent-context-coordination,D-agent-context-coordination,T0-stop-the-line-or-P1,blocked-hard,bead-localized-from-export,polylogue-37t.12;polylogue-37t.15,task_packets/062_polylogue_37t_11.md
63,polylogue-d1y,polylogue hooks install: one-command harness wiring + hook liveness monitoring,P1,feature,open,06-agent-context-coordination,D-agent-context-coordination,T0-stop-the-line-or-P1,implementation-ready-after-local-inspection,bead-localized-from-export,,task_packets/063_polylogue_d1y.md
64,polylogue-pj8,Agent query cookbook: MCP prompts + skill recipes as the discoverability layer,P1,feature,open,06-agent-context-coordination,D-agent-context-coordination,T0-stop-the-line-or-P1,implementation-ready-after-local-inspection,bead-localized-from-export,,task_packets/064_polylogue_pj8.md
65,polylogue-s7ae.2,Pre-deployment MCP and hook coordination batch,P1,task,open,06-agent-context-coordination,D-agent-context-coordination,T0-stop-the-line-or-P1,blocked-hard,bead-localized-from-export,polylogue-pj8,task_packets/065_polylogue_s7ae_2.md
66,polylogue-s7ae.3,Coordination messages and subtle scheduler-mediated advisories,P1,feature,open,06-agent-context-coordination,D-agent-context-coordination,T0-stop-the-line-or-P1,blocked-hard,bead-localized-from-export,polylogue-37t.11,task_packets/066_polylogue_s7ae_3.md
67,polylogue-s7ae.5,"Live proof: two agents, separate worktrees, one repo — overlap, message, context, handoff",P1,task,open,06-agent-context-coordination,D-agent-context-coordination,T0-stop-the-line-or-P1,blocked-hard,anchored-contract-prework,polylogue-37t.11;polylogue-s7ae.3,task_packets/067_polylogue_s7ae_5.md
68,polylogue-ahqd,Observe MCP write adoption after role rollout,P1,task,open,06-agent-context-coordination,D-agent-context-coordination,T0-stop-the-line-or-P1,blocked-hard,bead-localized-from-export,polylogue-s7ae.2,task_packets/068_polylogue_ahqd.md
69,polylogue-3gd,Activation layer: the agent-side setup that makes the substrate get used at all,P1,feature,open,06-agent-context-coordination,D-agent-context-coordination,T0-stop-the-line-or-P1,blocked-hard,bead-localized-from-export,polylogue-d1y;polylogue-pj8,task_packets/069_polylogue_3gd.md
70,polylogue-t8t,"Agent workflow catalog: walk the seven core flows end-to-end, fix what breaks",P2,task,open,06-agent-context-coordination,D-agent-context-coordination,T2-foundation-before-feature-proof,implementation-ready-after-local-inspection,bead-localized-from-export,,task_packets/070_polylogue_t8t.md
71,polylogue-rii.1,Agent work-event write-leg -> session_events -> materialized read-models,P2,feature,open,06-agent-context-coordination,D-agent-context-coordination,T2-foundation-before-feature-proof,implementation-ready-after-local-inspection,bead-localized-from-export,,task_packets/071_polylogue_rii_1.md
72,polylogue-rii.2,Materialize hook events + OTLP spans into queryable evidence,P2,feature,open,06-agent-context-coordination,D-agent-context-coordination,T2-foundation-before-feature-proof,blocked-hard,bead-localized-from-export,polylogue-rii.1,task_packets/072_polylogue_rii_2.md
73,polylogue-x4s,Express devloop state in Polylogue substrate (dogfood target),P2,task,open,06-agent-context-coordination,D-agent-context-coordination,T2-foundation-before-feature-proof,implementation-ready-after-local-inspection,bead-localized-from-export,,task_packets/073_polylogue_x4s.md
74,polylogue-4c0,Beads-native work loop: session<->bead cross-links and archive-rendered work history,P2,task,open,06-agent-context-coordination,D-agent-context-coordination,T2-foundation-before-feature-proof,blocked-hard,bead-localized-from-export,polylogue-7fj,task_packets/074_polylogue_4c0.md
75,polylogue-0v9p,Language detection and preference facts for variant selection,P1,feature,open,07-content-variants,E-content-variants,T0-stop-the-line-or-P1,implementation-ready-after-local-inspection,bead-localized-from-export,,task_packets/075_polylogue_0v9p.md
76,polylogue-arso,"Content variant substrate: refs, nodes, alignment, storage",P1,feature,open,07-content-variants,E-content-variants,T0-stop-the-line-or-P1,implementation-ready-after-local-inspection,bead-localized-from-export,,task_packets/076_polylogue_arso.md
77,polylogue-rlsb,"Variant-aware projection, query, and reader render profiles",P1,feature,open,07-content-variants,E-content-variants,T0-stop-the-line-or-P1,blocked-hard,bead-localized-from-export,polylogue-arso,task_packets/077_polylogue_rlsb.md
78,polylogue-d4zk,"User and agent UX for creating, reviewing, and messaging about variants",P1,feature,open,07-content-variants,E-content-variants,T0-stop-the-line-or-P1,blocked-hard,bead-localized-from-export,polylogue-arso;polylogue-rlsb,task_packets/078_polylogue_d4zk.md
79,polylogue-4smp,Content variants: language-aware transformed archive objects with alignment,P1,epic,open,07-content-variants,E-content-variants,T0-stop-the-line-or-P1,epic-needs-child-closure,epic-checklist,,task_packets/079_polylogue_4smp.md
80,polylogue-4ts.3,Distinguish subagent auto-compaction from main-session acompact,P2,bug,open,03-lineage-compaction-truth,F-lineage-compaction,T2-foundation-before-feature-proof,implementation-ready-after-local-inspection,anchored-contract-prework,,task_packets/080_polylogue_4ts_3.md
81,polylogue-4ts.4,Wrap lineage composition reads in a single read transaction,P2,bug,open,03-lineage-compaction-truth,F-lineage-compaction,T2-foundation-before-feature-proof,implementation-ready-after-local-inspection,anchored-contract-prework,,task_packets/081_polylogue_4ts_4.md
82,polylogue-4ts.5,Compaction boundary-range columns + effective-context derivation,P2,feature,open,03-lineage-compaction-truth,F-lineage-compaction,T2-foundation-before-feature-proof,implementation-ready-after-local-inspection,bead-localized-from-export,,task_packets/082_polylogue_4ts_5.md
83,polylogue-4ts.6,Lineage composition silently truncates transcripts; surface a completeness signal,P2,bug,open,03-lineage-compaction-truth,F-lineage-compaction,T2-foundation-before-feature-proof,implementation-ready-after-local-inspection,anchored-contract-prework,,task_packets/083_polylogue_4ts_6.md
84,polylogue-gjg.1,compaction_events + compaction_loss_items derived tables; identity survives rebuild + re-ingest,P2,task,open,03-lineage-compaction-truth,F-lineage-compaction,T2-foundation-before-feature-proof,implementation-ready-after-local-inspection,bead-localized-from-export,,task_packets/084_polylogue_gjg_1.md
85,polylogue-gjg.2,"Pre-compaction snapshot capture: hook payload when available, manifest-of-refs otherwise, honesty ladder always",P2,task,open,03-lineage-compaction-truth,F-lineage-compaction,T2-foundation-before-feature-proof,implementation-ready-after-local-inspection,bead-localized-from-export,,task_packets/085_polylogue_gjg_2.md
86,polylogue-gjg.3,Deterministic loss-forensics: 4-tier structural diff + lost-but-later-needed ranking,P2,task,open,03-lineage-compaction-truth,F-lineage-compaction,T2-foundation-before-feature-proof,blocked-hard,bead-localized-from-export,polylogue-gjg.1;polylogue-gjg.2,task_packets/086_polylogue_gjg_3.md
87,polylogue-h6r,Agent identity: a stable who-did-this tuple for every session,P2,task,open,03-lineage-compaction-truth,F-lineage-compaction,T2-foundation-before-feature-proof,blocked-hard,bead-localized-from-export,polylogue-7aw,task_packets/087_polylogue_h6r.md
88,polylogue-b5l,Blue-green index rebuilds: fresh-first without downtime,P1,task,open,08-scale-performance-live,B/G-storage-live-performance,T0-stop-the-line-or-P1,blocked-hard,anchored-contract-prework,polylogue-20d.15,task_packets/088_polylogue_b5l.md
89,polylogue-1xc.8,Schema rebuild-safety scenario,P2,task,open,08-scale-performance-live,B/G-storage-live-performance,T1-critical-path-correctness,implementation-ready-after-local-inspection,anchored-contract-prework,,task_packets/089_polylogue_1xc_8.md
90,polylogue-20d.15,"Bulk ingest throughput + resource envelope: parallel parse, batched writes, bounded RSS/IO",P2,task,open,08-scale-performance-live,B/G-storage-live-performance,T1-critical-path-correctness,blocked-hard,bead-localized-from-export,polylogue-20d.14,task_packets/090_polylogue_20d_15.md
91,polylogue-20d.14,"Interactive SLO tier: named latency budgets, continuously measured, regression-gated",P2,task,open,08-scale-performance-live,B/G-storage-live-performance,T1-critical-path-correctness,implementation-ready-after-local-inspection,bead-localized-from-export,,task_packets/091_polylogue_20d_14.md
92,polylogue-20d.12,"Daemon result cache + post-ingest warming: precomputed answers, cursor-keyed invalidation",P2,feature,open,08-scale-performance-live,B/G-storage-live-performance,T1-critical-path-correctness,blocked-hard,bead-localized-from-export,polylogue-20d.1,task_packets/092_polylogue_20d_12.md
93,polylogue-20d.13,Daemon push channel: SSE events for live UIs instead of polling,P2,feature,open,08-scale-performance-live,B/G-storage-live-performance,T1-critical-path-correctness,implementation-ready-after-local-inspection,bead-localized-from-export,,task_packets/093_polylogue_20d_13.md
94,polylogue-20d.6,Live full-ingest catch-up latency + WAL shape,P2,task,open,08-scale-performance-live,B/G-storage-live-performance,T1-critical-path-correctness,implementation-ready-after-local-inspection,bead-localized-from-export,,task_packets/094_polylogue_20d_6.md
95,polylogue-20d.5,"Finish streaming reads: composed transcripts, messages --full writer, origin-filtered pagination SQL",P2,task,open,08-scale-performance-live,B/G-storage-live-performance,T1-critical-path-correctness,implementation-ready-after-local-inspection,bead-localized-from-export,,task_packets/095_polylogue_20d_5.md
96,polylogue-20d.2,Defer heavy imports off the CLI startup path,P2,task,open,08-scale-performance-live,B/G-storage-live-performance,T1-critical-path-correctness,implementation-ready-after-local-inspection,bead-localized-from-export,,task_packets/096_polylogue_20d_2.md
97,polylogue-20d.1,CLI->daemon fast path over UDS (persistent hot process),P2,feature,open,08-scale-performance-live,B/G-storage-live-performance,T1-critical-path-correctness,implementation-ready-after-local-inspection,bead-localized-from-export,,task_packets/097_polylogue_20d_1.md
98,polylogue-20d.10,Runtime post-filter efficiency: memoize semantic facts; lower matchers onto the actions view,P2,task,open,08-scale-performance-live,B/G-storage-live-performance,T1-critical-path-correctness,implementation-ready-after-local-inspection,bead-localized-from-export,,task_packets/098_polylogue_20d_10.md
99,polylogue-2qx,"OriginSpec: one package per origin, dispatch order derived from declared strictness",P2,feature,open,11-interoperability-origin,K-interop-origin,T2-foundation-before-feature-proof,blocked-hard,anchored-contract-prework,polylogue-o21,task_packets/099_polylogue_2qx.md
100,polylogue-o21,"Extension-point ergonomics: declare-once registries, scaffolds, actionable completeness errors",P2,feature,open,11-interoperability-origin,K-interop-origin,T2-foundation-before-feature-proof,implementation-ready-after-local-inspection,bead-localized-from-export,,task_packets/100_polylogue_o21.md
101,polylogue-da1,Provider format-drift sentinel: detect upstream export-shape changes from live ingest,P2,feature,open,11-interoperability-origin,K-interop-origin,T2-foundation-before-feature-proof,implementation-ready-after-local-inspection,bead-localized-from-export,,task_packets/101_polylogue_da1.md
102,polylogue-7aw,"Ingest agent configuration as a source family (skills, CLAUDE.md, hooks)",P2,feature,open,11-interoperability-origin,K-interop-origin,T2-foundation-before-feature-proof,implementation-ready-after-local-inspection,bead-localized-from-export,,task_packets/102_polylogue_7aw.md
103,polylogue-ox0,Codex deep integration: state DBs as authoritative source + AppServer live lane,P2,task,open,11-interoperability-origin,K-interop-origin,T2-foundation-before-feature-proof,implementation-ready-after-local-inspection,bead-localized-from-export,,task_packets/103_polylogue_ox0.md
104,polylogue-t0p,"Capture the rest of Claude Code: todos, file-history, prompt history, debug artifacts",P2,task,open,11-interoperability-origin,K-interop-origin,T2-foundation-before-feature-proof,implementation-ready-after-local-inspection,bead-localized-from-export,,task_packets/104_polylogue_t0p.md
105,polylogue-fs1.4,Report: polylogue forensics for Hermes sessions,P2,feature,open,11-interoperability-origin,K-interop-origin,T2-foundation-before-feature-proof,needs-acceptance-criteria,bead-localized-from-export,,task_packets/105_polylogue_fs1_4.md
106,polylogue-mhx.1,"Provider abstraction: one OpenAI-compatible embedding client, local and cloud, model registry in meta",P2,feature,open,09-embeddings-retrieval,J-embeddings-retrieval,T2-foundation-before-feature-proof,implementation-ready-after-local-inspection,bead-localized-from-export,,task_packets/106_polylogue_mhx_1.md
107,polylogue-mhx.2,"Embedding target policy: what gets a vector, at what granularity, at what cost",P2,feature,open,09-embeddings-retrieval,J-embeddings-retrieval,T2-foundation-before-feature-proof,implementation-ready-after-local-inspection,bead-localized-from-export,,task_packets/107_polylogue_mhx_2.md
108,polylogue-mhx.3,Retrieval quality eval lane: measure FTS vs vector vs hybrid before believing any of them,P2,task,open,09-embeddings-retrieval,J-embeddings-retrieval,T2-foundation-before-feature-proof,implementation-ready-after-local-inspection,bead-localized-from-export,,task_packets/108_polylogue_mhx_3.md
109,polylogue-mhx.4,Semantic recall leg in context compilation: the memory actually retrieves,P2,feature,open,09-embeddings-retrieval,J-embeddings-retrieval,T2-foundation-before-feature-proof,blocked-hard,bead-localized-from-export,polylogue-mhx.2,task_packets/109_polylogue_mhx_4.md
110,polylogue-0k6,Embedding changed-text full-replace regression vs split embeddings.db metadata,P2,task,open,09-embeddings-retrieval,J-embeddings-retrieval,T2-foundation-before-feature-proof,implementation-ready-after-local-inspection,bead-localized-from-export,,task_packets/110_polylogue_0k6.md
111,polylogue-0ns,Bound archive embedding work within large sessions,P2,task,open,09-embeddings-retrieval,J-embeddings-retrieval,T2-foundation-before-feature-proof,implementation-ready-after-local-inspection,bead-localized-from-export,,task_packets/111_polylogue_0ns.md
112,polylogue-37t.5,Local embedding lane via OpenAI-compatible provider (LiteLLM gateway),P2,feature,open,09-embeddings-retrieval,J-embeddings-retrieval,T2-foundation-before-feature-proof,blocked-hard,bead-localized-from-export,polylogue-mhx.1,task_packets/112_polylogue_37t_5.md
113,polylogue-1vpm.1,Delegation derived unit: materializer + query unit + delegation-card projection,P2,task,open,10-analytics-experiments,I-analytics-experiments,T2-foundation-before-feature-proof,implementation-ready-after-local-inspection,bead-localized-from-export,,task_packets/113_polylogue_1vpm_1.md
114,polylogue-1vpm.2,"Episode unit: tables, 4-signal scorer with false-merge floor, assertion-calibrated",P2,task,open,10-analytics-experiments,I-analytics-experiments,T2-foundation-before-feature-proof,implementation-ready-after-local-inspection,bead-localized-from-export,,task_packets/114_polylogue_1vpm_2.md
115,polylogue-1vpm.4,Turn-pair unit with prompt-burst semantics (no double-claimed answers),P2,task,open,10-analytics-experiments,I-analytics-experiments,T2-foundation-before-feature-proof,implementation-ready-after-local-inspection,bead-localized-from-export,,task_packets/115_polylogue_1vpm_4.md
116,polylogue-9l5.7,Statistics substrate + measure registry: uncertainty primitives with construct-validity metadata,P2,feature,open,10-analytics-experiments,I-analytics-experiments,T2-foundation-before-feature-proof,blocked-hard,bead-localized-from-export,polylogue-9l5.19,task_packets/116_polylogue_9l5_7.md
117,polylogue-9l5.13,activity_spans materializer: edit/test/build/idle/delegate intervals with evidence tiers,P2,task,open,10-analytics-experiments,I-analytics-experiments,T2-foundation-before-feature-proof,blocked-hard,bead-localized-from-export,polylogue-9l5.19,task_packets/117_polylogue_9l5_13.md
118,polylogue-stc,"Experiment hosting: declared arms, preregistered metrics, paired analysis, agent-buildable",P2,feature,open,10-analytics-experiments,I-analytics-experiments,T2-foundation-before-feature-proof,blocked-hard,bead-localized-from-export,polylogue-9l5.7,task_packets/118_polylogue_stc.md
119,polylogue-cfk,"Re-run two-arm uplift with freshness-fixed packs (n>=3 pairs, then n=12-20)",P1,task,open,10-analytics-experiments,I-analytics-experiments,T0-stop-the-line-or-P1,implementation-ready-after-local-inspection,bead-localized-from-export,,task_packets/119_polylogue_cfk.md
120,polylogue-212.7,Demo Finding Packet contract + prompt runner + registry manifest,P2,task,open,05-analysis-provenance-citations,C-read-contract,T1-critical-path-correctness,blocked-hard,bead-localized-from-export,polylogue-212.9,task_packets/120_polylogue_212_7.md
121,polylogue-212.8,The honesty anti-demo: a tempting finding that emits verdict not_supported,P2,task,open,05-analysis-provenance-citations,C-read-contract,T1-critical-path-correctness,implementation-ready-after-local-inspection,bead-localized-from-export,,task_packets/121_polylogue_212_8.md
122,polylogue-212.1,Post-hoc forensic Q&A demo: questions a tracer cannot answer,P2,task,open,12-external-legibility-demos,L-legibility-demos,T2-foundation-before-feature-proof,implementation-ready-after-local-inspection,bead-localized-from-export,,task_packets/122_polylogue_212_1.md
123,polylogue-212.2,D1 'The receipts': claim-vs-evidence on a real PR,P2,task,open,12-external-legibility-demos,L-legibility-demos,T2-foundation-before-feature-proof,implementation-ready-after-local-inspection,bead-localized-from-export,,task_packets/123_polylogue_212_2.md
124,polylogue-212.3,D2 'Where did the money actually go': cost by outcome,P2,task,open,12-external-legibility-demos,L-legibility-demos,T2-foundation-before-feature-proof,implementation-ready-after-local-inspection,bead-localized-from-export,,task_packets/124_polylogue_212_3.md
125,polylogue-212.4,"D4 'Behavioral archaeology': six DSL queries, rapid fire",P2,task,open,12-external-legibility-demos,L-legibility-demos,T2-foundation-before-feature-proof,implementation-ready-after-local-inspection,bead-localized-from-export,,task_packets/125_polylogue_212_4.md
126,polylogue-3tl.12,README de-meta / de-persuasion pass with reproducible capability claims,P2,task,open,12-external-legibility-demos,L-legibility-demos,T2-foundation-before-feature-proof,implementation-ready-after-local-inspection,anchored-contract-prework,,task_packets/126_polylogue_3tl_12.md
127,polylogue-3tl.13,Reconcile schema-versioning docs + retire superseded execution-plan.md,P2,task,open,12-external-legibility-demos,L-legibility-demos,T2-foundation-before-feature-proof,implementation-ready-after-local-inspection,anchored-contract-prework,,task_packets/127_polylogue_3tl_13.md
128,polylogue-3tl.4,Findings publishing lane: campaign artifacts on the docs site,P2,task,open,12-external-legibility-demos,L-legibility-demos,T2-foundation-before-feature-proof,implementation-ready-after-local-inspection,bead-localized-from-export,,task_packets/128_polylogue_3tl_4.md
129,polylogue-3tl.7,Release is a decision: proven install matrix across package managers and OSes,P2,task,open,12-external-legibility-demos,L-legibility-demos,T2-foundation-before-feature-proof,implementation-ready-after-local-inspection,bead-localized-from-export,,task_packets/129_polylogue_3tl_7.md
130,polylogue-kwsb,Security & privacy: the archive can forget on purpose and never leaks secrets,P2,epic,open,00-trust-floor,A-trust-floor,T1-critical-path-correctness,epic-needs-child-closure,epic-checklist,,task_packets/130_polylogue_kwsb.md
131,polylogue-27m,Excision and secret hygiene: the archive can forget on purpose,P2,task,open,00-trust-floor,A-trust-floor,T1-critical-path-correctness,blocked-hard,bead-localized-from-export,polylogue-b5l,task_packets/131_polylogue_27m.md
132,polylogue-38x,Reconcile archived audit residue against current source,P2,task,open,00-trust-floor,A-trust-floor,T1-critical-path-correctness,implementation-ready-after-local-inspection,bead-localized-from-export,,task_packets/132_polylogue_38x.md
133,polylogue-f2qv,"Provider usage & cost honesty: disjoint token lanes, one pricing source, dual cost view",P2,epic,open,02-usage-cost-honesty,A-trust-floor,T1-critical-path-correctness,epic-needs-child-closure,epic-checklist,,task_packets/133_polylogue_f2qv.md
134,polylogue-9e5.25,Review zero-use MCP surfaces from affordance usage artifact,P2,task,open,02-usage-cost-honesty,A-trust-floor,T1-critical-path-correctness,implementation-ready-after-local-inspection,bead-localized-from-export,,task_packets/134_polylogue_9e5_25.md
135,polylogue-9e5.26,Review zero-use CLI surfaces from affordance usage artifact,P2,task,open,02-usage-cost-honesty,A-trust-floor,T1-critical-path-correctness,implementation-ready-after-local-inspection,bead-localized-from-export,,task_packets/135_polylogue_9e5_26.md
136,polylogue-9e5.27,Speed up live affordance usage surface inventory,P2,task,open,02-usage-cost-honesty,A-trust-floor,T1-critical-path-correctness,implementation-ready-after-local-inspection,bead-localized-from-export,,task_packets/136_polylogue_9e5_27.md
137,polylogue-83u,"Attachment & blob evidence integrity: bytes exist, are honest, and stay affordable",P1,epic,open,01-blob-attachment-integrity,B-storage-byte-integrity,T0-stop-the-line-or-P1,epic-needs-child-closure,epic-checklist,,task_packets/137_polylogue_83u.md
138,polylogue-8jg9,"Operational resilience: recoverable, restorable, survives daemon death and deploy",P2,epic,open,01-blob-attachment-integrity,B-storage-byte-integrity,T1-critical-path-correctness,epic-needs-child-closure,epic-checklist,,task_packets/138_polylogue_8jg9.md
139,polylogue-8jg9.1,Standing backlog-hygiene invariant lint (bd devloop gate),P2,task,open,01-blob-attachment-integrity,B-storage-byte-integrity,T1-critical-path-correctness,implementation-ready-after-local-inspection,bead-localized-from-export,,task_packets/139_polylogue_8jg9_1.md
140,polylogue-1xc,Scale-hardening: bugs that only bite on real-scale archives,P1,epic,open,08-scale-performance-live,B/G-storage-live-performance,T0-stop-the-line-or-P1,epic-needs-child-closure,epic-checklist,,task_packets/140_polylogue_1xc.md
141,polylogue-a7xr.11,Prune protocols.py zero-consumer protocols + dead repo kwarg query surface + cursor mapping bug,P2,chore,open,08-scale-performance-live,B/G-storage-live-performance,T1-critical-path-correctness,implementation-ready-after-local-inspection,bead-localized-from-export,,task_packets/141_polylogue_a7xr_11.md
142,polylogue-20d,Interactive performance: the front door answers in interactive time,P2,epic,open,08-scale-performance-live,B/G-storage-live-performance,T1-critical-path-correctness,epic-needs-child-closure,epic-checklist,,task_packets/142_polylogue_20d.md
143,polylogue-bby.8,"Web reader perceived performance: virtualized list, streamed search, optimistic navigation",P2,feature,open,08-scale-performance-live,B/G-storage-live-performance,T1-critical-path-correctness,implementation-ready-after-local-inspection,bead-localized-from-export,,task_packets/143_polylogue_bby_8.md
144,polylogue-opc,Self-tracing: the daemon's own spans land in its own archive,P2,feature,open,08-scale-performance-live,B/G-storage-live-performance,T1-critical-path-correctness,implementation-ready-after-local-inspection,bead-localized-from-export,,task_packets/144_polylogue_opc.md
145,polylogue-oxz,"Performance instrumentation doctrine: slow-query log, phase timings, logging discipline",P2,feature,open,08-scale-performance-live,B/G-storage-live-performance,T1-critical-path-correctness,implementation-ready-after-local-inspection,bead-localized-from-export,,task_packets/145_polylogue_oxz.md
146,polylogue-6wnh,Bound thread refresh cost for large Codex appends,P2,task,open,08-scale-performance-live,B/G-storage-live-performance,T1-critical-path-correctness,implementation-ready-after-local-inspection,bead-localized-from-export,,task_packets/146_polylogue_6wnh.md
147,polylogue-ma2,Add FK-supporting index for web_content_constructs message cleanup,P2,task,open,08-scale-performance-live,B/G-storage-live-performance,T1-critical-path-correctness,implementation-ready-after-local-inspection,bead-localized-from-export,,task_packets/147_polylogue_ma2.md
148,polylogue-th0,"Interactive-surface test harness: pty flows, completions, fuzzy pickers",P2,task,open,08-scale-performance-live,B/G-storage-live-performance,T1-critical-path-correctness,implementation-ready-after-local-inspection,bead-localized-from-export,,task_packets/148_polylogue_th0.md
149,polylogue-yeq,"Advanced verification lanes: metamorphic DSL, daemon chaos, API-contract walks",P2,task,open,08-scale-performance-live,B/G-storage-live-performance,T1-critical-path-correctness,implementation-ready-after-local-inspection,bead-localized-from-export,,task_packets/149_polylogue_yeq.md
150,polylogue-fnm,Query DSL: one grammar owns query semantics; compose instead of multiplying verbs,P2,epic,open,04-read-contract-query-render,C-read-contract,T1-critical-path-correctness,epic-needs-child-closure,epic-checklist,,task_packets/150_polylogue_fnm.md
151,polylogue-t46,Contracts own surfaces: delete parallel dispatch and the QA middle layer,P2,epic,open,04-read-contract-query-render,C-read-contract,T1-critical-path-correctness,epic-needs-child-closure,epic-checklist,,task_packets/151_polylogue_t46.md
152,polylogue-fnm.12,"User-defined query macros: named, composable DSL shorthands in user.db",P2,feature,open,04-read-contract-query-render,C-read-contract,T1-critical-path-correctness,implementation-ready-after-local-inspection,bead-localized-from-export,,task_packets/152_polylogue_fnm_12.md
153,polylogue-fnm.14,find <query> | compact: token-budgeted corpus-compaction projection with drop manifest,P2,feature,open,04-read-contract-query-render,C-read-contract,T1-critical-path-correctness,implementation-ready-after-local-inspection,bead-localized-from-export,,task_packets/153_polylogue_fnm_14.md
154,polylogue-fnm.2,Projection predicates/windows + render/layout stages on attached units,P2,feature,open,04-read-contract-query-render,C-read-contract,T1-critical-path-correctness,implementation-ready-after-local-inspection,bead-localized-from-export,,task_packets/154_polylogue_fnm_2.md
155,polylogue-fnm.4,Shell completion + fuzzy selection as read-only projections of the grammar registries,P2,feature,open,04-read-contract-query-render,C-read-contract,T1-critical-path-correctness,implementation-ready-after-local-inspection,bead-localized-from-export,,task_packets/155_polylogue_fnm_4.md
156,polylogue-fnm.6,Wire the terminal stage to projections: | read / | context-image,P2,feature,open,04-read-contract-query-render,C-read-contract,T1-critical-path-correctness,implementation-ready-after-local-inspection,bead-localized-from-export,,task_packets/156_polylogue_fnm_6.md
157,polylogue-1lm,Composable transcript views: selector x transform x budget algebra,P2,task,open,04-read-contract-query-render,C-read-contract,T1-critical-path-correctness,blocked-hard,bead-localized-from-export,polylogue-jnj.1,task_packets/157_polylogue_1lm.md
158,polylogue-ap7,"Semantic transcript rendering: tool-call-aware, provider-agnostic, shared CLI/web renderer registry",P2,task,open,04-read-contract-query-render,C-read-contract,T1-critical-path-correctness,implementation-ready-after-local-inspection,bead-localized-from-export,,task_packets/158_polylogue_ap7.md
159,polylogue-rxdo,"Analysis provenance: queries, result-sets, findings, analyses as first-class objects",P2,epic,open,05-analysis-provenance-citations,C-read-contract,T1-critical-path-correctness,epic-needs-child-closure,epic-checklist,,task_packets/159_polylogue_rxdo.md
160,polylogue-s7ae,Agent coordination substrate: evidence-backed multi-agent work without tracker lock-in,P1,epic,open,06-agent-context-coordination,D-agent-context-coordination,T0-stop-the-line-or-P1,epic-needs-child-closure,epic-checklist,,task_packets/160_polylogue_s7ae.md
161,polylogue-rsad,"MCP agent ergonomics: oversized responses, boilerplate affordances, metadata-only summaries",P2,bug,open,06-agent-context-coordination,D-agent-context-coordination,T2-foundation-before-feature-proof,needs-acceptance-criteria,spec-only,,task_packets/161_polylogue_rsad.md
162,polylogue-37t,Agent context/memory loop: declared claims -> judgment -> preamble -> reboot,P2,epic,open,06-agent-context-coordination,D-agent-context-coordination,T2-foundation-before-feature-proof,epic-needs-child-closure,epic-checklist,,task_packets/162_polylogue_37t.md
163,polylogue-cpf,"Land the six doctrines: time, writers, finding-provenance, degraded-modes, non-goals, injected-context trust",P2,epic,open,06-agent-context-coordination,D-agent-context-coordination,T2-foundation-before-feature-proof,epic-needs-child-closure,epic-checklist,,task_packets/163_polylogue_cpf.md
164,polylogue-rii,Live substrate intake: agents write work-events; evidence materializes in-loop,P2,epic,open,06-agent-context-coordination,D-agent-context-coordination,T2-foundation-before-feature-proof,epic-needs-child-closure,epic-checklist,,task_packets/164_polylogue_rii.md
165,polylogue-37t.1,Assertions: consumer wiring + lifecycle tightening for unified overlays,P2,feature,open,06-agent-context-coordination,D-agent-context-coordination,T2-foundation-before-feature-proof,implementation-ready-after-local-inspection,bead-localized-from-export,,task_packets/165_polylogue_37t_1.md
166,polylogue-37t.2,Inline annotation protocol: agent-authored structure in plain prose,P2,feature,open,06-agent-context-coordination,D-agent-context-coordination,T2-foundation-before-feature-proof,implementation-ready-after-local-inspection,bead-localized-from-export,,task_packets/166_polylogue_37t_2.md
167,polylogue-37t.3,Reboot-with-refs: session self-compaction protocol,P2,feature,open,06-agent-context-coordination,D-agent-context-coordination,T2-foundation-before-feature-proof,implementation-ready-after-local-inspection,bead-localized-from-export,,task_packets/167_polylogue_37t_3.md
168,polylogue-37t.6,Session-aware devshell entry: surface what the last agent session left behind,P2,feature,open,06-agent-context-coordination,D-agent-context-coordination,T2-foundation-before-feature-proof,implementation-ready-after-local-inspection,bead-localized-from-export,,task_packets/168_polylogue_37t_6.md
169,polylogue-37t.7,Close the failure loop: verify postmortem -> next session's context seed,P2,feature,open,06-agent-context-coordination,D-agent-context-coordination,T2-foundation-before-feature-proof,implementation-ready-after-local-inspection,bead-localized-from-export,,task_packets/169_polylogue_37t_7.md
170,polylogue-37t.8,Resume routing: map a session to the harness invocation that reopens it,P2,feature,open,06-agent-context-coordination,D-agent-context-coordination,T2-foundation-before-feature-proof,implementation-ready-after-local-inspection,bead-localized-from-export,,task_packets/170_polylogue_37t_8.md
171,polylogue-90y,"In-page overlay: Polylogue presence on chat sites — archive state, context, assertion capture",P2,feature,open,06-agent-context-coordination,D-agent-context-coordination,T2-foundation-before-feature-proof,implementation-ready-after-local-inspection,bead-localized-from-export,,task_packets/171_polylogue_90y.md
172,polylogue-37t.14,"Recursive-safety substrate: citation anchors, provenance edges, grounding verdicts (closed-loop/cycle/drift)",P2,task,open,06-agent-context-coordination,D-agent-context-coordination,T2-foundation-before-feature-proof,implementation-ready-after-local-inspection,bead-localized-from-export,,task_packets/172_polylogue_37t_14.md
173,polylogue-37t.4,SessionStart preamble opt-in rollout (polylogue + sinnix repos),P2,task,open,06-agent-context-coordination,D-agent-context-coordination,T2-foundation-before-feature-proof,blocked-hard,bead-localized-from-export,polylogue-37t.12,task_packets/173_polylogue_37t_4.md
174,polylogue-60i5,Durable-tier batch coordination: one user v4->v5 and one source v2->v3 migration window,P2,task,open,06-agent-context-coordination,D-agent-context-coordination,T2-foundation-before-feature-proof,implementation-ready-after-local-inspection,bead-localized-from-export,,task_packets/174_polylogue_60i5.md
175,polylogue-9e5.24,Sink MCP analysis primitives into insights/ + api facade; delete surface-side math,P2,task,open,06-agent-context-coordination,D-agent-context-coordination,T2-foundation-before-feature-proof,implementation-ready-after-local-inspection,anchored-contract-prework,,task_packets/175_polylogue_9e5_24.md
176,polylogue-4ts,"Session lineage truth: shared content stored once, counted once, composed correctly",P1,epic,open,03-lineage-compaction-truth,F-lineage-compaction,T0-stop-the-line-or-P1,epic-needs-child-closure,epic-checklist,,task_packets/176_polylogue_4ts.md
177,polylogue-gjg,"Compaction lifecycle: pre-compaction snapshot, loss forensics, post-compaction re-grounding",P2,epic,open,03-lineage-compaction-truth,F-lineage-compaction,T2-foundation-before-feature-proof,blocked-hard,epic-checklist,polylogue-4ts.5;polylogue-d1y,task_packets/177_polylogue_gjg.md
178,polylogue-1vpm,"Work-graph units: delegation, episode, artifact edges — the derived units between lineage and analysis",P2,epic,open,10-analytics-experiments,I-analytics-experiments,T2-foundation-before-feature-proof,epic-needs-child-closure,epic-checklist,,task_packets/178_polylogue_1vpm.md
179,polylogue-9l5,Outcome-grounded analytics: the archive answers 'so what' questions,P2,epic,open,10-analytics-experiments,I-analytics-experiments,T2-foundation-before-feature-proof,epic-needs-child-closure,epic-checklist,,task_packets/179_polylogue_9l5.md
180,polylogue-9l5.1,Outcome-conditioned analytics: cost/duration/retries/tools by structural success,P2,feature,open,10-analytics-experiments,I-analytics-experiments,T2-foundation-before-feature-proof,implementation-ready-after-local-inspection,bead-localized-from-export,,task_packets/180_polylogue_9l5_1.md
181,polylogue-9l5.2,Cross-provider comparative analytics,P2,feature,open,10-analytics-experiments,I-analytics-experiments,T2-foundation-before-feature-proof,implementation-ready-after-local-inspection,bead-localized-from-export,,task_packets/181_polylogue_9l5_2.md
182,polylogue-9l5.6,tool-episodes projection: call + result + outcome + context + next action,P2,feature,open,10-analytics-experiments,I-analytics-experiments,T2-foundation-before-feature-proof,implementation-ready-after-local-inspection,bead-localized-from-export,,task_packets/182_polylogue_9l5_6.md
183,polylogue-9l5.8,"Temporal analytics: trends, rolling baselines, changepoint detection",P2,feature,open,10-analytics-experiments,I-analytics-experiments,T2-foundation-before-feature-proof,blocked-hard,bead-localized-from-export,polylogue-9l5.7,task_packets/183_polylogue_9l5_8.md
184,polylogue-3uw,Capture-completeness: the instrument's coverage error as a standing measure,P2,task,open,10-analytics-experiments,I-analytics-experiments,T2-foundation-before-feature-proof,blocked-hard,bead-localized-from-export,polylogue-d1y,task_packets/184_polylogue_3uw.md
185,polylogue-9l5.15,Triage frontier: worth_reviewing_score + TRIAGED lifecycle — an inbox that empties,P2,task,open,10-analytics-experiments,I-analytics-experiments,T2-foundation-before-feature-proof,implementation-ready-after-local-inspection,bead-localized-from-export,,task_packets/185_polylogue_9l5_15.md
186,polylogue-mhx,"Embedding substrate: provider-general, honest lifecycle, retrieval that earns its cost",P2,epic,open,09-embeddings-retrieval,J-embeddings-retrieval,T2-foundation-before-feature-proof,epic-needs-child-closure,epic-checklist,,task_packets/186_polylogue_mhx.md
187,polylogue-a7xr.10,Kill-or-adopt the search-provider lane: production bypasses the abstraction it should use,P2,chore,open,11-interoperability-origin,K-interop-origin,T2-foundation-before-feature-proof,implementation-ready-after-local-inspection,bead-localized-from-export,,task_packets/187_polylogue_a7xr_10.md
188,polylogue-fs1,Hermes bridge: state.db + runtime spans -> canonical evidence -> forensics/eval export,P2,epic,open,11-interoperability-origin,K-interop-origin,T2-foundation-before-feature-proof,epic-needs-child-closure,epic-checklist,,task_packets/188_polylogue_fs1.md
189,polylogue-exb,"Layering: substrate rings import the api facade (6 sites, 2 private-symbol reaches)",P2,task,open,11-interoperability-origin,K-interop-origin,T2-foundation-before-feature-proof,implementation-ready-after-local-inspection,bead-localized-from-export,,task_packets/189_polylogue_exb.md
190,polylogue-3tl,"External legibility: a stranger can understand, run, and cite Polylogue",P1,epic,open,12-external-legibility-demos,L-legibility-demos,T0-stop-the-line-or-P1,epic-needs-child-closure,epic-checklist,,task_packets/190_polylogue_3tl.md
191,polylogue-212,Demo portfolio: construct-valid demos (D1/D2/D4/D5/D8 + post-hoc forensic Q&A),P2,epic,open,12-external-legibility-demos,L-legibility-demos,T2-foundation-before-feature-proof,epic-needs-child-closure,epic-checklist,,task_packets/191_polylogue_212.md
192,polylogue-avg,Fold devloop claim-guard vocabulary upstream into ops status/readiness,P2,feature,open,12-external-legibility-demos,L-legibility-demos,T2-foundation-before-feature-proof,implementation-ready-after-local-inspection,bead-localized-from-export,,task_packets/192_polylogue_avg.md
193,polylogue-3tl.9,Docs-and-visuals ownership: coverage lint + regenerable visuals as a standing devloop gate,P2,task,open,12-external-legibility-demos,L-legibility-demos,T2-foundation-before-feature-proof,implementation-ready-after-local-inspection,bead-localized-from-export,,task_packets/193_polylogue_3tl_9.md
194,polylogue-bby.11,Webui architecture v2: the stack that can carry the ambition,P1,feature,open,99-horizon-or-general,N-horizon,T0-stop-the-line-or-P1,implementation-ready-after-local-inspection,bead-localized-from-export,,task_packets/194_polylogue_bby_11.md
